player,base_elo,proj_elo_Hard,proj_elo_Clay,proj_elo_Grass,projected_elo,fitness_multiplier,final_projected_elo
Grigor Dimitrov,1575.3100365767543,1624.7441131718247,1527.9117123128133,1512.5039769215396,1555.0532674687256,1.0,1555.0532674687256
Holger Rune,1568.469245792029,1596.4767568019367,1537.8132839719713,1505.2210171925772,1546.5036859888285,1.0,1546.5036859888285
Sebastian Ofner,1482.0887943424352,1505.6729802440086,1456.2731765538635,1494.6640661480953,1485.5367409819892,1.0,1485.5367409819892
Roberto Bautista Agut,1521.0518793089193,1507.7844938027642,1504.2717005928807,1520.333583280973,1510.7965925588726,1.0,1510.7965925588726
Juncheng Shang,1499.8334023004718,1532.225071827604,1483.5222927415612,1505.0033461991113,1506.9169035894256,1.0,1506.9169035894256
Frances Tiafoe,1522.7041348387795,1554.4915421119354,1499.627095811846,1500.4098066390538,1518.1761481876117,1.0,1518.1761481876117
Andrey Rublev,1528.560564018263,1574.7432447995707,1537.0910339049722,1487.0351226823502,1532.9564671289645,1.0,1532.9564671289645
Arthur Fils,1541.1328238585047,1550.1488082726275,1498.4607401907956,1520.3583990950826,1522.9893158528355,1.0,1522.9893158528355
Emil Ruusuvuori,1501.9418476099097,1533.0075649774042,1474.6425333302507,1504.1199704467626,1503.9233562514726,1.0,1503.9233562514726
Casper Ruud,1564.483981901457,1561.2258376966902,1613.3602902882471,1496.5755276416317,1557.0538852088564,1.0,1557.0538852088564
Tallon Griekspoor,1521.959330244982,1534.7853130736162,1503.697712786135,1513.9690974385562,1517.484041099436,1.0,1517.484041099436
Borna Coric,1477.5359547825794,1480.637566148742,1481.8273142993698,1496.2915142112383,1486.252131553117,1.0,1486.252131553117
Novak Djokovic,1603.099736341428,1578.5985406117752,1579.0928972295515,1533.8453715879477,1563.8456031430915,1.0,1563.8456031430915
Zhizhen Zhang,1493.7775717147758,1474.2191325408614,1518.7601506475858,1500.183659390627,1497.7209808596915,1.0,1497.7209808596915
Jiri Lehecka,1547.8394095307592,1550.9084926423138,1523.2660561634655,1497.4059274764002,1523.8601587607266,1.0,1523.8601587607266
Alexander Zverev,1634.0129188967487,1649.7180665474255,1606.4289140955018,1528.7516106225817,1594.966197088503,1.0,1594.966197088503
Lorenzo Sonego,1483.6092067340358,1471.7097688892127,1488.8397788190698,1500.7313153332277,1487.0936210138368,1.0,1487.0936210138368
Adrian Mannarino,1455.8932947794556,1468.4158500097171,1473.0932635982847,1475.5367506345483,1472.3486214141833,1.0,1472.3486214141833
Cameron Norrie,1511.3710560919833,1522.036489585743,1505.8310896922058,1489.3270252736988,1505.731534850549,1.0,1505.731534850549
Alex De Minaur,1578.1737192297167,1601.5463041794692,1538.8524291341394,1551.187428701576,1563.8620540050615,1.0,1563.8620540050615
Taylor Fritz,1606.288309243102,1606.6338167755139,1558.604852565653,1555.6803789431306,1573.6396827614324,1.0,1573.6396827614324
Pavel Kotov,1481.5507701790932,1470.1283329812381,1515.3392533702736,1495.219517418319,1493.562367923277,1.0,1493.562367923277
Nicolas Jarry,1487.9005092354246,1489.3309606289708,1502.5433171856125,1495.1912712236544,1495.6885163460793,1.0,1495.6885163460793
Steven Diez,1476.414300586377,1486.9657202345509,1497.4059274764002,1497.4059274764002,1493.9258583957837,1.0,1493.9258583957837
Liam Broady,1482.234044706779,1493.695245410779,1497.4059274764002,1486.6738196696274,1492.591664185602,1.0,1492.591664185602
Miomir Kecmanovic,1496.8869045048407,1481.2884198659808,1497.1044045057238,1497.3024615119803,1491.8984286278949,1.0,1491.8984286278949
Benjamin Bonzi,1500.3811069177302,1489.7327788651783,1495.1041200679206,1497.4059274764002,1494.0809421364995,1.0,1494.0809421364995
Nuno Borges,1501.1971427023745,1495.2844858962753,1533.8007476063813,1478.2219545431394,1502.4357293485984,1.0,1502.4357293485984
Lorenzo Musetti,1559.2097020786148,1508.4469793424337,1526.7663527057377,1563.6060166135799,1532.9397828872504,1.0,1532.9397828872504
Chak Lam Coleman Wong,1488.0,1495.2,1497.4059274764002,1497.4059274764002,1496.6706183176002,1.0,1496.6706183176002
Fabian Marozsan,1486.307223435925,1511.4269342009802,1481.5772697008138,1479.331776796305,1490.7786602326996,1.0,1490.7786602326996
Mackenzie Mcdonald,1474.540087475989,1463.3598208213857,1478.26467738172,1497.338797059102,1479.6544317540693,1.0,1479.6544317540693
Jan Lennard Struff,1537.3870213536964,1480.606130577276,1576.0179542390508,1519.7584808372326,1525.4608552178531,1.0,1525.4608552178531
Marin Cilic,1486.444276603485,1490.8843413928748,1494.8687573794566,1497.4059274764002,1494.3863420829105,1.0,1494.3863420829105
Laslo Djere,1479.0658556314513,1489.7944481349134,1466.0095381133303,1487.037112166313,1480.9470328048521,1.0,1480.9470328048521
Botic Van De Zandschulp,1483.5928556263389,1472.4758545410564,1498.6720221127484,1488.164602333538,1486.437492995781,1.0,1486.437492995781
Shintaro Mochizuki,1474.5370839284972,1464.0682726316625,1496.3221607417302,1494.886105067696,1485.0921794803628,1.0,1485.0921794803628
Taro Daniel,1456.474398617105,1467.6645362083566,1479.7504751714525,1478.820741458498,1475.411917612769,1.0,1475.411917612769
Borna Gojo,1490.0276848351818,1488.9767740524765,1497.4059274764002,1497.4059274764002,1494.5962096684254,1.0,1494.5962096684254
Marc Andrea Huesler,1487.10706871551,1486.1258899538211,1506.3565206036424,1495.2,1495.8941368524877,1.0,1495.8941368524877
Vitaliy Sachko,1476.0400460581877,1486.8160184232752,1497.4059274764002,1497.4059274764002,1493.8759577920252,1.0,1493.8759577920252
Pedro Cachin,1436.0071161224996,1470.062568914514,1440.2139969056893,1497.4059274764002,1469.2274977655345,1.0,1469.2274977655345
Karen Khachanov,1548.9356345789336,1579.9791115176326,1531.7082473258047,1481.5911035056151,1531.0928207830175,1.0,1531.0928207830175
Francisco Cerundolo,1524.1431303619456,1499.5148486256035,1547.7545232860425,1478.3953359600337,1508.5549026238932,1.0,1508.5549026238932
Stefanos Sakellaridis,1488.414300586377,1495.3657202345507,1497.4059274764002,1497.4059274764002,1496.7258583957837,1.0,1496.7258583957837
Alejandro Davidovich Fokina,1493.0051631209965,1515.557705270484,1488.203559623555,1495.0470241737955,1499.6027630226115,1.0,1499.6027630226115
Thiago Seyboth Wild,1491.5988249217144,1488.3016134226411,1489.8163110396695,1497.9117859086145,1492.009903456975,1.0,1492.009903456975
Yannick Hanfmann,1505.1742006651111,1516.242999782291,1486.127383873145,1490.8439626850675,1497.7381154468346,1.0,1497.7381154468346
Sebastian Korda,1547.1451439921277,1563.4285895743778,1498.761969268056,1533.0338059307426,1531.7414549243922,1.0,1531.7414549243922
James Duckworth,1479.0209341472612,1471.4424858250268,1503.6377545433083,1506.2250012636828,1493.7684138773393,1.0,1493.7684138773393
J J Wolf,1459.4435419692215,1457.8982844397246,1490.1558730229199,1497.4059274764002,1481.8200283130147,1.0,1481.8200283130147
Alexander Shevchenko,1484.300749520197,1493.9809307964042,1480.1460101807008,1498.1151463326273,1490.7473624365775,1.0,1490.7473624365775
Luca Van Assche,1474.5109741239605,1483.277423925299,1474.562437444378,1495.2055486456431,1484.3484700051067,1.0,1484.3484700051067
Max Purcell,1483.76100385402,1469.0301978459277,1494.5774889072495,1500.065575867725,1487.8910875403008,1.0,1487.8910875403008
Daniel Altmaier,1471.5296443567695,1484.642688119765,1456.7242585887816,1496.5764752955945,1479.3144740013804,1.0,1479.3144740013804
Rinky Hijikata,1481.8255041350737,1504.7411181835168,1474.4141024301607,1485.6295833471136,1488.2616013202635,1.0,1488.2616013202635
Tomas Machac,1539.2306740421445,1562.1991800227406,1528.4241670306574,1487.8986663322858,1526.1740044618946,1.0,1526.1740044618946
Jordan Thompson,1528.0086481526894,1573.6349730405004,1491.766939856558,1504.8025665281646,1523.4014931417412,1.0,1523.4014931417412
Ugo Humbert,1543.290377081209,1597.0524956991196,1493.216514102135,1507.8557269038292,1532.7082455683612,1.0,1532.7082455683612
Rafael Nadal,1523.597113620132,1502.7917724958068,1529.2239285159012,1497.4059274764002,1509.8072094960362,1.0,1509.8072094960362
Jason Kubler,1487.9581423858706,1492.8661170716236,1497.4059274764002,1497.4059274764002,1495.8926573414747,1.0,1495.8926573414747
Roman Safiullin,1485.6515581289111,1495.0916822863194,1472.7144622795443,1486.9838130966173,1484.9299858874936,1.0,1484.9299858874936
Ben Shelton,1547.2083571702924,1572.844179096117,1534.4164687115917,1493.1059402984486,1533.455529368719,1.0,1533.455529368719
Matteo Arnaldi,1512.2053249950286,1530.9017286855756,1515.635568058572,1492.556032392347,1513.0311097121648,1.0,1513.0311097121648
Lukas Klein,1489.3490497427879,1483.0742790423615,1504.6613756288004,1497.4059274764002,1495.0471940491873,1.0,1495.0471940491873
Stefanos Tsitsipas,1566.6325108034791,1547.7217594581175,1604.5257289696517,1496.254612532965,1549.5007003202445,1.0,1549.5007003202445
Alexei Popyrin,1521.4270902449625,1579.0768816691402,1472.9236039326852,1494.2302726014832,1515.410252734436,1.0,1515.410252734436
Christopher Oconnell,1485.3856331099425,1511.5603157556316,1472.2531778620769,1496.2647535981191,1493.3594157386094,1.0,1493.3594157386094
Sebastian Baez,1498.5188364343658,1453.638633550288,1589.2150720863297,1479.7753742595369,1507.5430266320516,1.0,1507.5430266320516
Marton Fucsovics,1488.5991965327496,1474.8084542836127,1526.0301903636162,1495.5166530770377,1498.7850992414221,1.0,1498.7850992414221
Hubert Hurkacz,1564.2880538805075,1555.9903997006618,1571.206571347358,1520.7787211444806,1549.3252307308333,1.0,1549.3252307308333
Li Tu,1477.408343163133,1480.1997380074997,1497.4059274764002,1495.0432783212884,1490.8829812683962,1.0,1490.8829812683962
Thanasi Kokkinakis,1500.95060797541,1508.6264279379345,1479.706845283406,1496.3942625815848,1494.909178600975,1.0,1494.909178600975
Tomas Martin Etcheverry,1511.6222083572636,1496.1614797071034,1540.1171004094742,1480.2597706947215,1505.5127836037664,1.0,1505.5127836037664
Alex Michelsen,1518.9661642030894,1548.9361043896972,1477.706352561318,1495.1937184044996,1507.2787251185048,1.0,1507.2787251185048
Aleksandar Vukic,1498.7192337284032,1470.94309124318,1478.9905894469807,1528.5356243456017,1492.8231016785876,1.0,1492.8231016785876
Dominic Thiem,1472.3545604821127,1477.761934105573,1479.893400457072,1495.2,1484.2851115208816,1.0,1484.2851115208816
Andy Murray,1482.169842973157,1476.2253845532612,1485.552763104895,1488.6111666514435,1483.4631047698665,1.0,1483.4631047698665
Aslan Karatsev,1472.6907497050327,1476.7543541038858,1480.9529407211073,1494.735259035347,1484.147517953447,1.0,1484.147517953447
Alexandre Muller,1493.3655133213072,1483.258924530876,1503.958416534714,1496.302234852601,1494.5065253060636,1.0,1494.5065253060636
Roberto Carballes Baena,1502.400835801235,1499.0193627964104,1511.4404397459577,1498.0872403467615,1502.8490142963765,1.0,1502.8490142963765
Felix Auger Aliassime,1525.6580505271895,1508.2349112304455,1571.2144958726326,1486.5150355448593,1521.9881475493123,1.0,1521.9881475493123
Alejandro Tabilo,1521.7377611108234,1517.689572082673,1514.6131624847408,1536.2320155800721,1522.8449167158287,1.0,1522.8449167158287
Marcos Giron,1513.3037607304966,1513.0798950799938,1479.7714966907079,1529.3156012288503,1507.388997666517,1.0,1507.388997666517
Gael Monfils,1519.654185706093,1534.5130797957565,1483.163096604302,1522.25345923873,1513.3098785462628,1.0,1513.3098785462628
Denis Shapovalov,1521.0560049371313,1512.1431685909806,1491.597980290081,1507.4672160531327,1503.7361216447316,1.0,1503.7361216447316
Kiranpal Pannu,1487.6152336043244,1492.3980128415792,1497.4059274764002,1497.4059274764002,1495.7366225981266,1.0,1495.7366225981266
Richard Gasquet,1468.2236903303283,1456.8442885890565,1481.844926498433,1495.5253488549556,1478.0715213141484,1.0,1478.0715213141484
Christopher Eubanks,1474.152139554951,1494.6874520547049,1455.7889847963888,1491.4904215696797,1480.6556194735913,1.0,1480.6556194735913
Dusan Lajovic,1493.1721078617222,1479.5921776073062,1525.6624929956731,1495.4018579325113,1500.2188428451636,1.0,1500.2188428451636
Bernabe Zapata Miralles,1460.642741255243,1471.8554277422809,1480.9100944878696,1497.4059274764002,1483.3904832355167,1.0,1483.3904832355167
Jack Draper,1559.1324765674744,1583.7478032143558,1492.4571985418445,1548.3695903613557,1541.5248640391856,1.0,1541.5248640391856
Alexander Bublik,1499.6082624365833,1520.0213371799105,1495.9083674623957,1498.8066677808497,1504.9121241410521,1.0,1504.9121241410521
Tommy Paul,1582.323733636391,1577.490211360817,1544.0821380856246,1561.448321414772,1561.0068902870714,1.0,1561.0068902870714
Alex Bolt,1500.7367518113465,1495.9554004450933,1497.4059274764002,1494.059309170521,1495.8068790306716,1.0,1495.8068790306716
Daniel Evans,1456.1638179130741,1461.2999295496138,1452.0322373184154,1488.1235957634262,1467.1519208771517,1.0,1467.1519208771517
Adam Walton,1470.1419508836796,1450.061433712422,1494.7860035969811,1496.7897601123377,1480.5457324739136,1.0,1480.5457324739136
Arthur Rinderknech,1499.7964519696081,1516.0452470635064,1480.2805904935014,1491.067286582934,1495.7977080466471,1.0,1495.7977080466471
James Mccabe,1476.3126098699254,1478.9003683346482,1497.4059274764002,1495.0515578958482,1490.452617902299,1.0,1490.452617902299
Facundo Diaz Acosta,1490.4533413343845,1459.2157926532107,1538.764115136733,1494.9257248647555,1497.6352108848996,1.0,1497.6352108848996
Hugo Grenier,1476.620094867638,1481.1390306264655,1495.308115159567,1497.4059274764002,1491.2843577541444,1.0,1491.2843577541444
Jakub Mensik,1514.6290530847273,1544.183694357247,1515.3105637014037,1487.8112997989306,1515.7685192858605,1.0,1515.7685192858605
Daniil Medvedev,1580.5148094464842,1610.752314516747,1541.446351873626,1525.0355162459123,1559.0780608787618,1.0,1559.0780608787618
Giulio Zeppieri,1482.2103152142686,1487.7470433014487,1486.815456941798,1497.4059274764002,1490.6561425732154,1.0,1490.6561425732154
Hugo Gaston,1498.3276615535117,1474.3209497882326,1505.2981628523426,1495.028981458897,1491.549364699824,1.0,1491.549364699824
Quentin Halys,1511.3491390209163,1486.4102862581724,1524.564968120651,1502.0485698795474,1504.3412747527902,1.0,1504.3412747527902
Flavio Cobolli,1530.1154544490025,1550.1639877032376,1515.066663007613,1489.6050361382538,1518.278562283035,1.0,1518.278562283035
Aleksandar Kovacevic,1462.6361213820448,1458.2592550211587,1473.7416571173226,1494.1096068503618,1475.370172996281,1.0,1475.370172996281
Daniel Elahi Galan,1470.87862664102,1481.8544659405488,1459.77801180994,1495.3761919752287,1479.0028899085726,1.0,1479.0028899085726
Jannik Sinner,1672.3246951068295,1761.7308031882726,1557.4468059523833,1562.876236562235,1627.3512819009636,1.0,1627.3512819009636
Jesper De Jong,1486.5080042026814,1487.4442681914966,1497.1140893424358,1497.4059274764002,1493.9880950034442,1.0,1493.9880950034442
Sumit Nagal,1461.9251448531595,1452.415646867406,1484.207037336036,1495.0570954391355,1477.2265932141927,1.0,1477.2265932141927
Jaume Munar,1463.9116886452991,1450.9013774861119,1491.1002825094815,1489.83162788242,1477.2777626260042,1.0,1477.2777626260042
Arthur Cazaux,1492.0945371941864,1509.6854860036392,1487.8602365852644,1488.3480256739736,1495.2979160876257,1.0,1495.2979160876257
Carlos Alcaraz,1632.003170276131,1639.3337079681437,1588.0291234571314,1548.99093516604,1592.1179221971051,1.0,1592.1179221971051
Vit Kopriva,1475.2452128176185,1486.928862622627,1476.652548144164,1495.391352952256,1486.3242545730157,1.0,1486.3242545730157
Milos Raonic,1502.0272023543755,1506.5580270884852,1494.877359896053,1509.8910591891963,1503.7754820579114,1.0,1503.7754820579114
Zizou Bergs,1496.1320957651644,1521.3721997254895,1482.3973523592706,1497.0266027437142,1500.265384942825,1.0,1500.265384942825
Dane Sweeny,1486.7898435377433,1494.7159374150974,1497.4059274764002,1497.4059274764002,1496.5092641226327,1.0,1496.5092641226327
Cristian Garin,1496.696835604438,1487.4762588021579,1504.5827451728699,1495.2001602480802,1495.753054741036,1.0,1495.753054741036
Stan Wawrinka,1482.9661542845433,1481.3437087158209,1474.3014151258321,1496.983590080656,1484.2095713074366,1.0,1484.2095713074366
Marc Polmans,1487.6147416836222,1495.0615809259316,1497.4059274764002,1495.030212420966,1495.8325736077659,1.0,1495.8325736077659
Dino Prizmic,1476.8278232804437,1487.599171019203,1497.4059274764002,1497.4059274764002,1494.1370086573345,1.0,1494.1370086573345
Lloyd Harris,1493.461415659046,1495.0342854662058,1497.4059274764002,1495.9036268607751,1496.1146132677939,1.0,1496.1146132677939
Yoshihito Nishioka,1505.000622657013,1509.067200580254,1498.6776384418959,1505.3278129310177,1504.3575506510558,1.0,1504.3575506510558
Yosuke Watanuki,1496.7408579570651,1503.3376231822872,1495.0342797654494,1497.4059274764002,1498.5926101413788,1.0,1498.5926101413788
Gregoire Barrere,1476.538720993234,1480.3598479000525,1499.488128457032,1497.4059274764002,1492.4179679444949,1.0,1492.4179679444949
Albert Ramos,1465.7340134678807,1487.424410508844,1474.8696557647022,1497.4059274764002,1486.5666645833155,1.0,1486.5666645833155
Mate Valkusz,1488.2549255382671,1486.4508949173096,1496.8500134608444,1497.4059274764002,1493.5689452848512,1.0,1493.5689452848512
Soon Woo Kwon,1486.7706587506946,1485.088154915,1491.931743471942,1495.2123955492948,1490.7440979787455,1.0,1490.7440979787455
Dominik Koepfer,1498.6323061729245,1509.591651678894,1479.9110556068085,1500.150366612409,1496.551024632704,1.0,1496.551024632704
Terence Atmane,1477.501181072007,1466.5209850596484,1498.4769818753634,1497.4059274764002,1487.4679648038039,1.0,1487.4679648038039
Juan Pablo Varillas,1458.906601805644,1472.5073953351384,1466.829464633573,1497.4059274764002,1478.9142624817039,1.0,1478.9142624817039
Patrick Kypson,1495.9904324659042,1501.4882418500183,1495.0508301898358,1497.4059274764002,1497.981666505418,1.0,1497.981666505418
David Goffin,1510.4125371874297,1530.4082317118805,1485.0323162843224,1486.3439018607964,1500.5948166189999,1.0,1500.5948166189999
Federico Coria,1471.2737664430754,1478.1826520383129,1490.9848214228482,1495.0389123542045,1488.0687952717883,1.0,1488.0687952717883
Jiri Vesely,1488.6637426649772,1495.4654970659908,1497.4059274764002,1497.4059274764002,1496.759117339597,1.0,1496.759117339597
Maximilian Marterer,1468.2798344377695,1456.8062044704689,1476.091737912437,1487.5503509253401,1473.482764436082,1.0,1473.482764436082
Constant Lestienne,1468.2265956349172,1467.3773766478862,1495.2525878281674,1480.9158934867105,1481.181952654255,1.0,1481.181952654255
Omar Jasika,1489.1682936370157,1495.6673174548064,1497.4059274764002,1497.4059274764002,1496.8263908025356,1.0,1496.8263908025356
Michael Mmoh,1505.4641618793876,1505.3399889723923,1501.9691807361933,1497.4059274764002,1501.571699061662,1.0,1501.571699061662
Antoine Escoffier,1487.9309182845448,1495.172367313818,1497.4059274764002,1497.4059274764002,1496.6614074222061,1.0,1496.6614074222061
Pedro Martinez,1483.5694455314995,1463.1829777971238,1541.7148196643473,1479.4128394408554,1494.7702123007755,1.0,1494.7702123007755
Harold Mayot,1480.768182700445,1492.2609279825458,1488.9762092165438,1495.054370094348,1492.0971690978124,1.0,1492.0971690978124
Lucas Pouille,1497.3085461487292,1493.8592324590538,1495.3657202345507,1507.9724950798523,1499.0658159244856,1.0,1499.0658159244856
Dalibor Svrcina,1487.5301182499297,1495.012047299972,1497.4059274764002,1497.4059274764002,1496.6079674175908,1.0,1496.6079674175908
Ugo Blanchet,1493.841284190405,1495.0347930785938,1503.2586291278549,1497.4059274764002,1498.566449894283,1.0,1498.566449894283
Pablo Llamas Ruiz,1499.3907156579987,1503.3710358059845,1506.5297851000212,1497.4059274764002,1502.4355827941354,1.0,1502.4355827941354
Benoit Paire,1495.7362693340986,1502.889750153279,1494.7299412666246,1497.3865645772562,1498.3354186657198,1.0,1498.3354186657198
Vladyslav Orlov,1489.1966288371448,1495.678651534858,1497.4059274764002,1497.4059274764002,1496.8301688292195,1.0,1496.8301688292195
Viacheslav Bielinskyi,1487.695795603676,1495.0783182414705,1497.4059274764002,1497.4059274764002,1496.6300577314234,1.0,1496.6300577314234
Oleksii Krutykh,1476.8773728273027,1487.2902601583462,1497.4059274764002,1497.4059274764002,1494.0340383703822,1.0,1494.0340383703822
Thiago Monteiro,1499.2217107703193,1493.6697804027704,1532.0077463762996,1495.0358237071339,1506.904450162068,1.0,1506.904450162068
Elias Ymer,1492.2314709157254,1499.3286931544685,1494.7935752569715,1495.9007436779552,1496.6743373631318,1.0,1496.6743373631318
Gustavo Heide,1483.8692600666527,1495.0342797654494,1482.7099368583788,1497.4059274764002,1491.7167147000762,1.0,1491.7167147000762
Karl Friberg,1488.414300586377,1495.3657202345507,1497.4059274764002,1497.4059274764002,1496.7258583957837,1.0,1496.7258583957837
Leandro Riedi,1501.2930289536903,1496.2656038131508,1498.1963913398008,1497.4059274764002,1497.2893075431173,1.0,1497.2893075431173
Zsombor Piros,1518.400007057795,1504.8000000000002,1513.6442958221492,1497.4059274764002,1505.283407766183,1.0,1505.283407766183
Kevin Krawietz,1488.0,1495.2,1497.4059274764002,1497.4059274764002,1496.6706183176002,1.0,1496.6706183176002
Henrique Rocha,1508.8854078613335,1514.5781290466152,1489.3311692754091,1497.4059274764002,1500.438408599475,1.0,1500.438408599475
Eero Vasa,1452.3334051293714,1469.8575390989122,1497.4059274764002,1497.4059274764002,1488.2231313505708,1.0,1488.2231313505708
Joao Sousa,1487.9884415932866,1495.6615912757052,1494.7291619989242,1497.4059274764002,1495.9322269170098,1.0,1495.9322269170098
Otto Virtanen,1490.0887519875234,1493.0604175175622,1495.0373470688837,1498.2151023278311,1495.437622304759,1.0,1495.437622304759
Gabriel Diallo,1498.872040780173,1517.6285022837806,1495.0468183548232,1495.278821681471,1502.6513807733584,1.0,1502.6513807733584
Seong Chan Hong,1496.3477969501816,1484.8289541681177,1497.4059274764002,1497.4059274764002,1493.213603040306,1.0,1493.213603040306
Vasek Pospisil,1502.0833561403822,1504.3090522802397,1497.4059274764002,1497.4059274764002,1499.70696907768,1.0,1499.70696907768
Kris Van Wyk,1500.0,1503.6,1497.4059274764002,1497.4059274764002,1499.4706183176002,1.0,1499.4706183176002
Linh Giang Trinh,1476.0,1486.8,1497.4059274764002,1497.4059274764002,1493.8706183176,1.0,1493.8706183176
Nam Hoang Ly,1524.0,1513.2,1497.4059274764002,1497.4059274764002,1502.6706183176002,1.0,1502.6706183176002
Philip Henning,1487.9163814005353,1496.4,1486.5257506425357,1497.4059274764002,1493.443892706312,1.0,1493.443892706312
Aziz Dougaz,1501.0785825417317,1504.8000000000002,1489.4323925203514,1497.4059274764002,1497.2127733322507,1.0,1497.2127733322507
Rodrigo Crespo Piedra,1488.0,1495.2,1497.4059274764002,1497.4059274764002,1496.6706183176002,1.0,1496.6706183176002
Moez Echargui,1498.7426328698216,1504.8000000000002,1494.1941062958574,1497.4059274764002,1498.8000112574193,1.0,1498.8000112574193
Jesse Flores,1488.0,1495.2,1497.4059274764002,1497.4059274764002,1496.6706183176002,1.0,1496.6706183176002
Juan Carlos Fuentes Vasquez,1500.0,1504.8000000000002,1495.2,1497.4059274764002,1499.1353091588,1.0,1499.1353091588
Matavao Fanguna,1488.0,1495.2,1497.4059274764002,1497.4059274764002,1496.6706183176002,1.0,1496.6706183176002
Marcelo Arevalo,1506.0,1504.8000000000002,1503.6,1497.4059274764002,1501.9353091588,1.0,1501.9353091588
Heve Kelley,1488.0,1495.2,1497.4059274764002,1497.4059274764002,1496.6706183176002,1.0,1496.6706183176002
Diego Duran,1512.0,1504.8000000000002,1497.4059274764002,1497.4059274764002,1499.8706183176002,1.0,1499.8706183176002
Gillian Osmont,1488.0,1495.2,1497.4059274764002,1497.4059274764002,1496.6706183176002,1.0,1496.6706183176002
Yi Zhou,1498.213751063625,1503.2640348415962,1497.4059274764002,1497.4059274764002,1499.3586299314657,1.0,1499.3586299314657
Matic Kriznik,1475.6413505307135,1486.6565402122853,1497.4059274764002,1497.4059274764002,1493.822798388362,1.0,1493.822798388362
Sebastian Dominko,1499.6413624008699,1503.3451046708346,1497.4059274764002,1497.4059274764002,1499.3856532078782,1.0,1499.3856532078782
Maks Kasnikowski,1486.5968171145062,1496.8637493420601,1497.4059274764002,1497.4059274764002,1497.2252014316202,1.0,1497.2252014316202
Khumoun Sultanov,1512.8018445645903,1502.8035979431115,1497.4059274764002,1497.4059274764002,1499.205150965304,1.0,1499.205150965304
Sergey Fomin,1477.8988694090995,1488.0208340099662,1497.4059274764002,1497.4059274764002,1494.277562987589,1.0,1494.277562987589
Altug Celikbilek,1512.0,1504.8000000000002,1497.4059274764002,1497.4059274764002,1499.8706183176002,1.0,1499.8706183176002
Ajeet Rai,1465.227672723766,1478.9739292067818,1497.4059274764002,1497.4059274764002,1491.2619280531942,1.0,1491.2619280531942
Yanki Erel,1499.5875585670283,1504.6342797654493,1495.0357670881735,1497.4059274764002,1499.0253247766743,1.0,1499.0253247766743
Cem Ilkel,1482.1209672118741,1495.0226637345436,1487.0519486922894,1497.4059274764002,1493.1601799677444,1.0,1493.1601799677444
Nicolai Budkov Kjaer,1523.585699413623,1513.0342797654494,1497.4059274764002,1497.4059274764002,1502.6153782394167,1.0,1502.6153782394167
Davis Rolis,1476.414300586377,1486.9657202345509,1497.4059274764002,1497.4059274764002,1493.9258583957837,1.0,1493.9258583957837
Martins Rocens,1489.4758519880304,1495.7903407952122,1497.4059274764002,1497.4059274764002,1496.8673985826708,1.0,1496.8673985826708
Viktor Durasovic,1512.0,1504.8000000000002,1497.4059274764002,1497.4059274764002,1499.8706183176002,1.0,1499.8706183176002
Robert Strombachs,1488.0,1495.2,1497.4059274764002,1497.4059274764002,1496.6706183176002,1.0,1496.6706183176002
Kamil Majchrzak,1498.647423366508,1503.0589693466031,1497.4059274764002,1497.4059274764002,1499.2902747664677,1.0,1499.2902747664677
Maxim Shin,1488.0,1495.2,1497.4059274764002,1497.4059274764002,1496.6706183176002,1.0,1496.6706183176002
Coleman Wong,1494.8746531116467,1508.7864281802808,1497.4059274764002,1495.6168113748752,1500.6030556771855,1.0,1500.6030556771855
Courtney John Lock,1488.0,1495.2,1497.4059274764002,1497.4059274764002,1496.6706183176002,1.0,1496.6706183176002
Yu Hsiou Hsu,1488.0300648021023,1495.212025920841,1497.4059274764002,1497.4059274764002,1496.6746269578805,1.0,1496.6746269578805
Tung Lin Wu,1513.3306573426687,1503.1532663642922,1497.4059274764002,1497.4059274764002,1499.3217071056977,1.0,1499.3217071056977
Hong Kit Jack Wong,1512.0,1504.8000000000002,1497.4059274764002,1497.4059274764002,1499.8706183176002,1.0,1499.8706183176002
Benjamin Lock,1488.0,1495.2,1497.4059274764002,1497.4059274764002,1496.6706183176002,1.0,1496.6706183176002
Nerman Fatic,1512.0,1504.8000000000002,1497.4059274764002,1497.4059274764002,1499.8706183176002,1.0,1499.8706183176002
Dimitar Kuzmanov,1488.0,1495.2,1497.4059274764002,1497.4059274764002,1496.6706183176002,1.0,1496.6706183176002
Damir Dzumhur,1473.6201605172425,1490.1479773156966,1497.4059274764002,1497.4059274764002,1494.9866107561656,1.0,1494.9866107561656
Yanaki Milev,1506.0,1495.2,1513.2,1497.4059274764002,1501.9353091588,1.0,1501.9353091588
Petr Nesterov,1500.0,1504.8000000000002,1495.2,1497.4059274764002,1499.1353091588,1.0,1499.1353091588
Andrej Nedic,1488.0,1495.2,1497.4059274764002,1497.4059274764002,1496.6706183176002,1.0,1496.6706183176002
Stylianos Christodoulou,1512.0,1504.8000000000002,1497.4059274764002,1497.4059274764002,1499.8706183176002,1.0,1499.8706183176002
Hamza Karmoussi,1488.0,1495.2,1497.4059274764002,1497.4059274764002,1496.6706183176002,1.0,1496.6706183176002
Elliot Benchetrit,1494.3895607732334,1504.8000000000002,1487.2250055963693,1497.4059274764002,1496.4769776909234,1.0,1496.4769776909234
Menelaos Efstathiou,1488.0,1495.2,1497.4059274764002,1497.4059274764002,1496.6706183176002,1.0,1496.6706183176002
Yassine Dlimi,1500.0,1504.8000000000002,1495.2,1497.4059274764002,1499.1353091588,1.0,1499.1353091588
Petros Chrysochos,1488.0,1495.2,1497.4059274764002,1497.4059274764002,1496.6706183176002,1.0,1496.6706183176002
Marius Copil,1488.8239101843108,1495.5295640737245,1497.4059274764002,1497.4059274764002,1496.7804730088417,1.0,1496.7804730088417
Aristotelis Thanos,1498.029385275328,1502.8117541101312,1497.4059274764002,1497.4059274764002,1499.207869687644,1.0,1499.207869687644
Nicholas David Ionel,1488.0,1495.2,1497.4059274764002,1497.4059274764002,1496.6706183176002,1.0,1496.6706183176002
Benedict Badza,1512.0,1504.8000000000002,1497.4059274764002,1497.4059274764002,1499.8706183176002,1.0,1499.8706183176002
Kwok Shun Dasson Chan,1488.0,1495.2,1497.4059274764002,1497.4059274764002,1496.6706183176002,1.0,1496.6706183176002
Ioannis Xilas,1501.6553484974381,1504.2621393989753,1497.4059274764002,1497.4059274764002,1499.6913314505919,1.0,1499.6913314505919
Luca Preda,1488.0,1495.2,1497.4059274764002,1497.4059274764002,1496.6706183176002,1.0,1496.6706183176002
Osgar Ohoisin,1488.294693646288,1495.3178774585153,1497.4059274764002,1497.4059274764002,1496.709910803772,1.0,1496.709910803772
Lucas Miedler,1512.0,1504.8000000000002,1497.4059274764002,1497.4059274764002,1499.8706183176002,1.0,1499.8706183176002
Michael Agwi,1499.3975350656979,1486.6349407535815,1512.883087298977,1497.4059274764002,1498.9746518429863,1.0,1498.9746518429863
Saba Purtseladze,1475.5645678642366,1490.0938134901705,1497.4059274764002,1497.4059274764002,1494.968556147657,1.0,1494.968556147657
Vilius Gaubas,1475.6564913797226,1486.5448640033712,1497.4059274764002,1497.4059274764002,1493.7855729853907,1.0,1493.7855729853907
Ricardas Berankis,1524.0,1513.2,1497.4059274764002,1497.4059274764002,1502.6706183176002,1.0,1502.6706183176002
Zura Tkemaladze,1476.0,1486.8,1497.4059274764002,1497.4059274764002,1493.8706183176,1.0,1493.8706183176
Blaise Bicknell,1523.585699413623,1513.0342797654494,1497.4059274764002,1497.4059274764002,1502.6153782394167,1.0,1502.6153782394167
Kaipo Marshall,1487.9866614118714,1492.7919014111794,1497.4059274764002,1497.4059274764002,1495.8679187879934,1.0,1495.8679187879934
Chun Hsin Tseng,1477.804356263769,1471.3644821529,1504.196290640738,1497.4059274764002,1490.9889000900127,1.0,1490.9889000900127
Darian King,1524.3447631991698,1510.0401240576584,1497.4059274764002,1497.4059274764002,1501.6173263368198,1.0,1501.6173263368198
Rowland Phillips,1475.6138081418937,1486.5255209689722,1497.4059274764002,1497.4059274764002,1493.7791253072576,1.0,1493.7791253072576
Yshai Oliel,1512.0137460315857,1502.4934267576996,1497.4059274764002,1497.4059274764002,1499.1017605701666,1.0,1499.1017605701666
Duje Ajdukovic,1497.5183942212548,1499.6298745424251,1490.5793352018218,1497.4059274764002,1495.8717124068824,1.0,1495.8717124068824
Joris De Loore,1487.5719136964074,1495.028765478563,1497.4059274764002,1497.4059274764002,1496.6135401437878,1.0,1496.6135401437878
Ignacio Buse,1490.5124274796992,1494.6238745868504,1497.4059274764002,1497.4059274764002,1496.4785765132171,1.0,1496.4785765132171
Orel Kimhi,1487.5874908855556,1495.0349963542221,1497.4059274764002,1497.4059274764002,1496.615617102341,1.0,1496.615617102341
Daniel Cukierman,1501.119410385528,1497.195601087326,1497.4059274764002,1497.4059274764002,1497.3358186800422,1.0,1497.3358186800422
Komlavi Loglo,1500.0,1503.6,1497.4059274764002,1497.4059274764002,1499.4706183176002,1.0,1499.4706183176002
Anthony Susanto,1476.0,1486.8,1497.4059274764002,1497.4059274764002,1493.8706183176,1.0,1493.8706183176
Fitriadi M Rifqi,1524.0,1513.2,1497.4059274764002,1497.4059274764002,1502.6706183176002,1.0,1502.6706183176002
Thomas Yaka Kofi Setodji,1522.772327276234,1509.046785822537,1497.4059274764002,1497.4059274764002,1501.2862135917792,1.0,1501.2862135917792
Denis Kudla,1488.9804829377292,1493.101784842887,1496.042674905534,1497.4059274764002,1495.516795741607,1.0,1495.516795741607
Tennys Sandgren,1487.7075944636733,1495.0830377854695,1497.4059274764002,1497.4059274764002,1496.6316309127567,1.0,1496.6316309127567
Nicolas Moreno De Alboran,1485.3517317384765,1486.962884234515,1492.3908077019069,1497.4059274764002,1492.2532064709405,1.0,1492.2532064709405
Mitchell Krueger,1480.1013438977038,1484.8567953238223,1497.4059274764002,1497.4059274764002,1493.2228834255409,1.0,1493.2228834255409
Zachary Svajda,1473.3196226665937,1470.1288533762463,1497.4059274764002,1495.050788332011,1487.5285230615525,1.0,1487.5285230615525
Steve Johnson,1487.7016524470328,1495.0806609788133,1497.4059274764002,1497.4059274764002,1496.6308386438714,1.0,1496.6308386438714
Adam Neff,1489.093081599136,1495.6372326396545,1497.4059274764002,1497.4059274764002,1496.8163625308182,1.0,1496.8163625308182
Radu Albot,1492.8633040687284,1488.8342460677559,1519.4225007253729,1487.3310574201166,1498.5292680710818,1.0,1498.5292680710818
Emilio Nava,1478.1472759565024,1479.2188338068215,1497.4059274764002,1495.4368337198598,1490.6871983343606,1.0,1490.6871983343606
Ethan Quinn,1487.9084340764737,1486.4232360957794,1497.4059274764002,1496.3634525986618,1493.397538723614,1.0,1493.397538723614
Maxime Cressy,1481.3758173265046,1477.670301218579,1497.4059274764002,1496.1887537717616,1490.4216608222468,1.0,1490.4216608222468
Diego Schwartzman,1453.6398726201628,1470.4512665351326,1470.5114023860488,1497.4059274764002,1479.4561987991938,1.0,1479.4561987991938
Ernesto Escobedo,1477.222049304963,1488.1919659115486,1486.8,1497.4059274764002,1490.799297795983,1.0,1490.799297795983
Brandon Holt,1476.8531613525226,1487.0504336662175,1497.4059274764002,1497.4059274764002,1493.9540962063393,1.0,1493.9540962063393
Rodrigo Pacheco Mendez,1493.8948146977598,1482.5564294049095,1504.8000000000002,1497.4059274764002,1494.9207856271032,1.0,1494.9207856271032
Abedallah Shelbayh,1482.6325123960353,1487.5227122216647,1495.0337583178202,1497.4059274764002,1493.3207993386284,1.0,1493.3207993386284
Luca Nardi,1468.9665002588524,1486.5094727984,1477.9110540660286,1486.5421794757167,1483.6542354467153,1.0,1483.6542354467153
Jurij Rodionov,1493.5611565092522,1494.6415789617618,1496.5890298637564,1497.4059274764002,1496.212178767306,1.0,1496.212178767306
Fabio Fognini,1492.7686205830262,1466.6732553695517,1514.5553063066204,1505.0511782630565,1495.4265799797429,1.0,1495.4265799797429
Brandon Nakashima,1521.107570519577,1533.172659387094,1502.8784068227585,1525.1897943832532,1520.4136201977017,1.0,1520.4136201977017
Martin Landaluce,1487.603419613119,1503.3643228748329,1486.474139442462,1497.4059274764002,1495.748129931232,1.0,1495.748129931232
Andrea Vavassori,1497.952383852083,1499.2937856724097,1495.3297823347448,1497.4059274764002,1497.3431651611847,1.0,1497.3431651611847
Martin Damm,1514.0163221876571,1513.8964902925936,1497.4059274764002,1497.4059274764002,1502.9027817484648,1.0,1502.9027817484648
Luciano Darderi,1488.440476523153,1434.5735869789587,1563.427807728941,1488.6869361198633,1495.5627769425876,1.0,1495.5627769425876
Matteo Berrettini,1571.2763660067983,1523.2692359550952,1594.250669889646,1527.9846063573818,1548.5015040673743,1.0,1548.5015040673743
Darwin Blanch,1488.2455117169918,1495.546071295952,1495.0503380776413,1497.4059274764002,1496.0007789499978,1.0,1496.0007789499978
Kei Nishikori,1498.1582988269336,1519.3435491441323,1493.4588463822517,1494.8811552687334,1502.5611835983727,1.0,1502.5611835983727
Mattia Bellucci,1492.4215240859119,1502.8569592531198,1494.9967878716818,1495.1233027870676,1497.6590166372898,1.0,1497.6590166372898
Billy Harris,1502.8387113074027,1492.8911701890652,1497.4059274764002,1515.5983651430356,1501.9651542695003,1.0,1501.9651542695003
Reilly Opelka,1497.1545350224055,1483.9380128818755,1497.4059274764002,1517.6996505947268,1499.681196984334,1.0,1499.681196984334
Andres Martin,1489.1295608514724,1495.651824340589,1497.4059274764002,1497.4059274764002,1496.8212264311298,1.0,1496.8212264311298
Giovanni Mpetshi Perricard,1527.9103845895504,1503.8974766108158,1533.5213753921676,1502.8122739696646,1513.4103753242161,1.0,1513.4103753242161
Camilo Ugo Carabelli,1478.0704790033099,1487.3307794903048,1484.8919250349381,1497.4059274764002,1489.8762106672145,1.0,1489.8762106672145
Mariano Navone,1479.795332403666,1457.060016771143,1533.1140888430568,1480.0158425667314,1490.0633160603104,1.0,1490.0633160603104
Pablo Carreno Busta,1501.4734234573555,1527.7118250724347,1495.7928017891645,1495.2,1506.234875620533,1.0,1506.234875620533
Corentin Moutet,1487.7056556564953,1468.9689979559407,1504.6625422977277,1497.4059274764002,1490.3458225766897,1.0,1490.3458225766897
Strong Kirchheimer,1488.5617405510634,1495.4246962204254,1497.4059274764002,1497.4059274764002,1496.745517057742,1.0,1496.745517057742
Learner Tien,1532.8460198864689,1522.5765605967467,1497.4059274764002,1497.4059274764002,1505.7961385165156,1.0,1505.7961385165156
Dominic Stricker,1495.0210820630627,1500.8445638349529,1495.073370558315,1495.530859689345,1497.1495980275376,1.0,1497.1495980275376
Francisco Comesana,1491.6234108635947,1500.773643939849,1470.2772784276062,1508.2760547969897,1493.1089923881482,1.0,1493.1089923881482
Tristan Schoolkate,1488.9080424192762,1493.1131175930923,1497.4059274764002,1495.5314325824029,1495.3501592172986,1.0,1495.3501592172986
Omni Kumar,1489.107345226173,1495.6429380904692,1497.4059274764002,1497.4059274764002,1496.8182643477567,1.0,1496.8182643477567
Nicolas Mejia,1483.0008158486617,1478.6687462187342,1496.7310458693776,1497.4059274764002,1490.9352398548374,1.0,1490.9352398548374
Bu Yunchaokete,1550.7066989991813,1529.2905964178378,1497.4059274764002,1497.4059274764002,1508.0341504568794,1.0,1508.0341504568794
Matthew Forbes,1486.8761911418235,1494.7504764567293,1497.4059274764002,1497.4059274764002,1496.52077713651,1.0,1496.52077713651
Timofey Skatov,1508.7514029995305,1490.2379150718702,1522.8049411015672,1497.4059274764002,1503.4829278832792,1.0,1503.4829278832792
Jan Choinski,1491.7717160003015,1495.0913746948531,1496.5229383146059,1494.9117461909027,1495.5086864001205,1.0,1495.5086864001205
Eliot Spizzirri,1495.3737849483107,1495.8814770766235,1497.4059274764002,1497.0131727845105,1496.7668591125112,1.0,1496.7668591125112
Hamad Medjedovic,1505.0356040369388,1516.3106509723732,1497.1173389874707,1503.2803355119224,1505.569441823922,1.0,1505.569441823922
Kyrian Jacquet,1492.403255693381,1496.9613022773524,1497.4059274764002,1497.4059274764002,1497.2577190767176,1.0,1497.2577190767176
Raphael Collignon,1463.2958516671738,1477.8553055280854,1497.4059274764002,1497.4059274764002,1490.8890534936288,1.0,1490.8890534936288
Jozef Kovalik,1496.2343968837451,1489.8717576476647,1504.7234690595697,1497.4059274764002,1497.3337180612116,1.0,1497.3337180612116
Joao Fonseca,1519.1975396464657,1541.453561427419,1501.789891145866,1495.1895197653157,1512.8109907795335,1.0,1512.8109907795335
Tomas Barrios Vera,1484.021399927109,1494.546962854868,1485.3272690028905,1497.4059274764002,1492.426719778053,1.0,1492.426719778053
Alexander Blockx,1475.9656150613048,1486.7282976672027,1497.4059274764002,1497.4059274764002,1493.846717540001,1.0,1493.846717540001
Jaime Faria,1478.1855871304924,1488.570624136422,1486.7778455679718,1497.4059274764002,1490.9181323935982,1.0,1490.9181323935982
Matej Dodig,1506.2318990390304,1504.6234499853967,1503.9620692458277,1497.4059274764002,1501.9971489025418,1.0,1501.9971489025418
Edas Butvilas,1488.0009828538102,1495.2003931415243,1497.4059274764002,1497.4059274764002,1496.6707493647748,1.0,1496.6707493647748
Cezar Cretu,1523.296300472371,1512.8285983258584,1497.4059274764002,1497.4059274764002,1502.546817759553,1.0,1502.546817759553
Gabi Adrian Boitan,1499.6837040667156,1503.7216337206332,1497.4059274764002,1497.4059274764002,1499.5111628911445,1.0,1499.5111628911445
Rigele Te,1488.4039599839948,1495.3615839935978,1497.4059274764002,1497.4059274764002,1496.7244796487994,1.0,1496.7244796487994
Remy Bertola,1512.0,1504.8000000000002,1497.4059274764002,1497.4059274764002,1499.8706183176002,1.0,1499.8706183176002
Gonzalo Bueno,1488.0,1495.2,1497.4059274764002,1497.4059274764002,1496.6706183176002,1.0,1496.6706183176002
Jerome Kym,1502.436464495651,1504.6015494363828,1497.4059274764002,1497.4059274764002,1499.8044681297279,1.0,1499.8044681297279
Martyn Pawelski,1512.0,1504.8000000000002,1497.4059274764002,1497.4059274764002,1499.8706183176002,1.0,1499.8706183176002
Min Kyu Song,1488.0,1495.2,1497.4059274764002,1497.4059274764002,1496.6706183176002,1.0,1496.6706183176002
Oleksandr Ovcharenko,1487.5861441903844,1495.0344576761538,1497.4059274764002,1497.4059274764002,1496.6154375429849,1.0,1496.6154375429849
Kristjan Tamm,1487.585699413623,1495.0342797654494,1495.0342797654494,1497.4059274764002,1495.824829002433,1.0,1495.824829002433
Mark Lajal,1494.6304164029484,1503.192108397107,1497.4059274764002,1496.0038501488486,1498.8672953407852,1.0,1498.8672953407852
Gonzalo Escobar,1512.0,1504.8000000000002,1497.4059274764002,1497.4059274764002,1499.8706183176002,1.0,1499.8706183176002
Ki Lung Ng,1488.0,1495.2,1497.4059274764002,1497.4059274764002,1496.6706183176002,1.0,1496.6706183176002
Henri Squire,1488.3972970212783,1494.9591980004896,1504.3052926933874,1486.8003751429796,1495.354955278952,1.0,1495.354955278952
Alex Knaff,1511.3723974098361,1513.0248343653825,1503.2689541306224,1497.4059274764002,1504.5665719908018,1.0,1504.5665719908018
Chris Rodesch,1498.9863871059406,1502.8761439129134,1503.2689541306224,1497.4059274764002,1501.183675173312,1.0,1501.183675173312
Jack Loutit,1512.3862389772858,1504.9544955909143,1497.4059274764002,1497.4059274764002,1499.922116847905,1.0,1499.922116847905
Jose Rubin Statham,1488.413825734004,1495.3655302936018,1497.4059274764002,1497.4059274764002,1496.725795082134,1.0,1496.725795082134
Andres Andrade,1506.1816335540002,1496.52944977154,1504.8000000000002,1497.4059274764002,1499.5784590826468,1.0,1499.5784590826468
Liova Ayite Ajavon,1512.0,1504.8000000000002,1497.4059274764002,1497.4059274764002,1499.8706183176002,1.0,1499.8706183176002
Daniels Tens,1476.813372137389,1487.1253488549555,1497.4059274764002,1497.4059274764002,1493.9790679359187,1.0,1493.9790679359187
Marcos Lee Chan Baratau,1488.3633226030747,1495.34532904123,1497.4059274764002,1497.4059274764002,1496.7190613313435,1.0,1496.7190613313435
Jack Cheng,1487.5838759864655,1495.0335503945862,1497.4059274764002,1497.4059274764002,1496.6151351157957,1.0,1496.6151351157957
Mirza Basic,1499.219426442614,1503.1636286362339,1497.4059274764002,1497.4059274764002,1499.3251611963449,1.0,1499.3251611963449
Siddharth Vishwakarma,1487.6359932722185,1495.0543973088875,1497.4059274764002,1497.4059274764002,1496.6220840872293,1.0,1496.6220840872293
Leo Borg,1494.0201567562895,1503.0967260947573,1495.7193993102742,1497.4059274764002,1498.7406842938105,1.0,1498.7406842938105
Ramkumar Ramanathan,1493.826574611316,1486.6612596890527,1497.4059274764002,1504.8000000000002,1496.2890623884844,1.0,1496.2890623884844
N Sriram Balaji,1500.0314593256671,1495.2251674605336,1497.4059274764002,1504.8000000000002,1499.1436983123112,1.0,1499.1436983123112
Demetris Azoides,1511.1092056161065,1504.4436822464427,1497.4059274764002,1497.4059274764002,1499.751845733081,1.0,1499.751845733081
Beibit Zhukayev,1514.8026704959343,1511.7343859787302,1497.4059274764002,1497.4059274764002,1502.1820803105102,1.0,1502.1820803105102
Philip Hjorth,1488.0,1495.2,1497.4059274764002,1497.4059274764002,1496.6706183176002,1.0,1496.6706183176002
August Holmgren,1505.7919399910647,1504.6335519928518,1496.4,1497.4059274764002,1499.4798264897508,1.0,1499.4798264897508
Elmer Moller,1512.7288856842088,1505.383108547367,1504.8000000000002,1497.4059274764002,1502.5296786745891,1.0,1502.5296786745891
Adria Soriano Barrera,1494.7074620156332,1495.434923743129,1496.7310458693776,1497.4059274764002,1496.5239656963022,1.0,1496.5239656963022
Aqeel Khan,1499.9997614101421,1504.7998091281138,1497.4059274764002,1495.2,1499.1352455348378,1.0,1499.1352455348378
Yousaf Khalil,1488.0281251577626,1495.2112500631051,1497.4059274764002,1497.4059274764002,1496.674368338635,1.0,1496.674368338635
Muhammad Shoaib,1488.2207099276977,1495.376567942158,1497.4059274764002,1495.2,1495.9941651395193,1.0,1495.9941651395193
Alan Fernando Rubio Fierros,1499.5556187973427,1503.2888498486182,1497.4059274764002,1497.4059274764002,1499.366901600473,1.0,1499.366901600473
Aleksandre Bakshi,1523.563103592898,1512.8942558245503,1497.4059274764002,1497.4059274764002,1502.5687035924502,1.0,1502.5687035924502
Norbert Gombos,1487.1961546732068,1494.8784618692828,1497.4059274764002,1497.4059274764002,1496.5634389406944,1.0,1496.5634389406944
Yibing Wu,1496.6502195239607,1499.4011432121347,1495.207027816996,1497.4059274764002,1497.338032835177,1.0,1497.338032835177
Mikhail Kukushkin,1491.9021840174255,1498.158318075115,1494.7319511881358,1497.4059274764002,1496.765398913217,1.0,1496.765398913217
Yasutaka Uchiyama,1513.3178947150434,1503.1290083753815,1497.4059274764002,1497.4059274764002,1499.313621109394,1.0,1499.313621109394
Denis Yevseyev,1494.636044223059,1495.2751233711647,1496.8589191429433,1497.4059274764002,1496.5133233301694,1.0,1496.5133233301694
Marco Trungelliti,1498.4819784137408,1494.7145472162933,1507.3113791730852,1497.4059274764002,1499.8106179552597,1.0,1499.8106179552597
Alibek Kachmazov,1520.009612618052,1511.1786086349362,1497.4059274764002,1497.4059274764002,1501.9968211959122,1.0,1501.9968211959122
Federico Agustin Gomez,1494.1703413982796,1496.7337400250453,1495.199802307939,1497.4059274764002,1496.4464899364614,1.0,1496.4464899364614
Fajing Sun,1487.2401707417364,1494.8960682966945,1497.4059274764002,1497.4059274764002,1496.5693077498318,1.0,1496.5693077498318
Egor Gerasimov,1486.0753811480192,1494.4301524592079,1497.4059274764002,1497.4059274764002,1496.4140024706694,1.0,1496.4140024706694
Benjamin Hassan,1500.9652400744067,1495.1864845680411,1501.1305947641329,1497.4059274764002,1497.9076689361916,1.0,1497.9076689361916
Justin Engel,1500.482751722689,1496.4688352554033,1497.4059274764002,1497.4059274764002,1497.0935634027346,1.0,1497.0935634027346
Jacob Fearnley,1495.5130095508625,1496.9219609170495,1497.4059274764002,1489.6617998793163,1494.6632294242554,1.0,1494.6632294242554
Thiago Agustin Tirante,1503.8886236071269,1495.2661410553717,1506.4816196569902,1497.4059274764002,1499.7178960629208,1.0,1499.7178960629208
Gilles Arnaud Bailly,1487.247423958287,1494.8989695833147,1497.4059274764002,1497.4059274764002,1496.5702748453716,1.0,1496.5702748453716
Alexey Vatutin,1486.6780069011588,1494.6712027604635,1497.4059274764002,1497.4059274764002,1496.494352571088,1.0,1496.494352571088
Joel Schwaerzler,1490.0405137414207,1497.0719858020693,1494.9604251910673,1497.4059274764002,1496.4794461565123,1.0,1496.4794461565123
Manuel Guinard,1488.6069829175453,1495.4427931670182,1497.4059274764002,1497.4059274764002,1496.7515493732728,1.0,1496.7515493732728
Titouan Droguet,1487.6383056074264,1494.7102773752079,1495.4003671107334,1497.4059274764002,1495.8388573207806,1.0,1495.8388573207806
Pierre Hugues Herbert,1491.3663541343633,1501.897504569799,1495.6415294668654,1495.2,1497.5796780122216,1.0,1497.5796780122216
Theo Papamalamis,1486.5578737248425,1494.623149489937,1497.4059274764002,1497.4059274764002,1496.4783348142457,1.0,1496.4783348142457
Branko Djuric,1485.5254712623605,1494.2101885049442,1497.4059274764002,1497.4059274764002,1496.3406811525817,1.0,1496.3406811525817
Nishesh Basavareddy,1491.23765097984,1490.0651322559693,1497.4059274764002,1497.4059274764002,1494.9589957362566,1.0,1494.9589957362566
Alex Molcan,1500.2700128100587,1497.4059274764002,1503.7080051240237,1497.4059274764002,1499.506620025608,1.0,1499.506620025608
Lukas Pokorny,1512.0,1497.4059274764002,1504.8000000000002,1497.4059274764002,1499.8706183176002,1.0,1499.8706183176002
Amr Elsayed Abdou Ahmed Mohamed,1499.585699413623,1497.4059274764002,1503.4342797654492,1497.4059274764002,1499.4153782394167,1.0,1499.4153782394167
Emilio Gomez,1488.0,1497.4059274764002,1495.2,1497.4059274764002,1496.6706183176002,1.0,1496.6706183176002
Mohamed Safwat,1511.1999858844101,1497.4059274764002,1511.5971342364887,1497.4059274764002,1502.136329729763,1.0,1502.136329729763
Alvaro Guillen Meza,1488.0,1497.4059274764002,1495.2,1497.4059274764002,1496.6706183176002,1.0,1496.6706183176002
Hady Habib,1492.6572504255114,1497.4059274764002,1490.7389740539875,1497.4059274764002,1495.1836096689294,1.0,1495.1836096689294
Michael Bassem Sobhy,1488.0,1497.4059274764002,1495.2,1497.4059274764002,1496.6706183176002,1.0,1496.6706183176002
Dmitry Popko,1476.414300586377,1497.4059274764002,1486.9657202345509,1497.4059274764002,1493.9258583957837,1.0,1493.9258583957837
Boris Arias,1512.0,1497.4059274764002,1504.8000000000002,1497.4059274764002,1499.8706183176002,1.0,1499.8706183176002
Thanapet Chanta,1488.0,1497.4059274764002,1495.2,1497.4059274764002,1496.6706183176002,1.0,1496.6706183176002
Murkel Alejandro Dellien Velasco,1499.585699413623,1497.4059274764002,1503.4342797654492,1497.4059274764002,1499.4153782394167,1.0,1499.4153782394167
Wishaya Trongcharoenchaikul,1488.0,1497.4059274764002,1495.2,1497.4059274764002,1496.6706183176002,1.0,1496.6706183176002
Juan Carlos Prado Angelo,1512.0,1497.4059274764002,1504.8000000000002,1497.4059274764002,1499.8706183176002,1.0,1499.8706183176002
Maximus Jones,1488.0,1497.4059274764002,1495.2,1497.4059274764002,1496.6706183176002,1.0,1496.6706183176002
Franco Roncadelli,1523.6238431694746,1497.4059274764002,1509.5116823557464,1497.4059274764002,1501.441179102849,1.0,1501.441179102849
Joaquin  Aguilar Cardozo ,1487.1961473052613,1497.4059274764002,1497.2784589221046,1497.4059274764002,1497.3634379583018,1.0,1497.3634379583018
Ilya Snitari,1476.0,1497.4059274764002,1486.8,1497.4059274764002,1493.8706183176,1.0,1493.8706183176
Daniel Vallejo,1500.0,1497.4059274764002,1503.6,1497.4059274764002,1499.4706183176002,1.0,1499.4706183176002
Benjamin Balleret,1500.414300586377,1497.4059274764002,1496.5657202345508,1497.4059274764002,1497.1258583957836,1.0,1497.1258583957836
Valentin Vacherot,1487.0691511006803,1497.4059274764002,1500.4909358082064,1497.4059274764002,1498.4342635870023,1.0,1498.4342635870023
Martin Antonio Vergara Del Puerto,1488.0,1497.4059274764002,1495.2,1497.4059274764002,1496.6706183176002,1.0,1496.6706183176002
Roman Andres Burruchaga,1478.2947673263984,1497.4059274764002,1487.7240238825027,1497.4059274764002,1494.1786262784344,1.0,1494.1786262784344
Facundo Bagnis,1523.0062741416507,1497.4059274764002,1522.8587933400972,1497.4059274764002,1505.8902160976324,1.0,1505.8902160976324
Hugo Dellien,1478.2854839926297,1497.4059274764002,1485.7284002218844,1497.4059274764002,1493.5134183915616,1.0,1493.5134183915616
Juan Manuel Cerundolo,1492.1560039383405,1497.4059274764002,1490.5934575897854,1497.4059274764002,1495.135104180862,1.0,1495.135104180862
Felipe Meligeni Alves,1484.363143396362,1497.4059274764002,1489.3589056886794,1495.0287658913649,1493.9311996854815,1.0,1493.9311996854815
Francesco Passaro,1490.7823691449992,1497.4059274764002,1485.522136897921,1497.4059274764002,1493.4446639502405,1.0,1493.4446639502405
Oliver Ojakaar,1523.585699413623,1497.4059274764002,1513.0342797654494,1497.4059274764002,1502.6153782394167,1.0,1502.6153782394167
Sina Moghimi,1500.414300586377,1497.4059274764002,1496.5657202345508,1497.4059274764002,1497.1258583957836,1.0,1497.1258583957836
Hamid Reza Nadaf,1488.414300586377,1497.4059274764002,1495.3657202345507,1497.4059274764002,1496.7258583957837,1.0,1496.7258583957837
David Jorda Sanchis,1500.414300586377,1497.4059274764002,1496.5657202345508,1497.4059274764002,1497.1258583957836,1.0,1497.1258583957836
Matteo Gigante,1489.741414239436,1497.4059274764002,1488.8431513479259,1497.4059274764002,1494.5516687669087,1.0,1494.5516687669087
Alexander Ritschard,1488.0,1497.4059274764002,1495.2,1497.4059274764002,1496.6706183176002,1.0,1496.6706183176002
Gijs Brouwer,1493.3859431943852,1497.4059274764002,1495.2,1506.6487534116154,1499.7515602960054,1.0,1499.7515602960054
Marko Topo,1488.0,1497.4059274764002,1495.2,1497.4059274764002,1496.6706183176002,1.0,1496.6706183176002
Ivan Gakhov,1488.0219284298748,1497.4059274764002,1495.20877137195,1497.4059274764002,1496.67354210825,1.0,1496.67354210825
Rudolf Molleker,1487.09900488145,1497.4059274764002,1497.0154820070388,1497.4059274764002,1497.275778986613,1.0,1497.275778986613
Alejandro Moro Canas,1493.2067880125055,1497.4059274764002,1503.273077934632,1494.8966453039318,1498.5252169049882,1.0,1498.5252169049882
Max Hans Rehberg,1487.5709009231764,1497.4059274764002,1495.0283603692706,1497.4059274764002,1496.613405107357,1.0,1496.613405107357
Carlos Taberner,1489.4977194335117,1497.4059274764002,1495.7990877734046,1497.4059274764002,1496.8703142420684,1.0,1496.8703142420684
Nick Hardt,1491.1787673509218,1497.4059274764002,1498.9770073653808,1497.4059274764002,1497.9296207727273,1.0,1497.9296207727273
Daniel Rincon,1489.4206498273627,1497.4059274764002,1495.768259930945,1497.4059274764002,1496.8600382945817,1.0,1496.8600382945817
Stefano Napolitano,1492.8277754317685,1497.4059274764002,1498.7383623922742,1495.2,1497.1147632895581,1.0,1497.1147632895581
Javier Barranco Cosano,1487.1978954471972,1497.4059274764002,1494.879158178879,1497.4059274764002,1496.563671043893,1.0,1496.563671043893
Nikolas Sanchez Izquierdo,1490.0335415878774,1497.4059274764002,1496.0134166351509,1497.4059274764002,1496.9417571959839,1.0,1496.9417571959839
Sebastian Fanselow,1487.54573837013,1497.4059274764002,1495.018295348052,1497.4059274764002,1496.610050100284,1.0,1496.610050100284
Filip Misolic,1490.1511686788126,1497.4059274764002,1493.8307054987195,1497.4059274764002,1496.2141868171732,1.0,1496.2141868171732
Andrea Pellegrino,1489.9374833827605,1497.4059274764002,1495.9749933531043,1497.4059274764002,1496.9289494353015,1.0,1496.9289494353015
Guido Andreozzi,1488.4181448714703,1497.4059274764002,1495.3672579485883,1497.4059274764002,1496.7263709671297,1.0,1496.7263709671297
Lukas Neumayer,1521.1759092659622,1497.4059274764002,1507.6751790752178,1497.4059274764002,1500.8290113426729,1.0,1500.8290113426729
Luka Mikrut,1487.1369770416036,1497.4059274764002,1494.8547908166415,1497.4059274764002,1496.555548589814,1.0,1496.555548589814
Enzo Couacaud,1488.0,1497.4059274764002,1495.2,1497.4059274764002,1496.6706183176002,1.0,1496.6706183176002
Mili Poljicak,1487.0875503903492,1497.4059274764002,1494.8350201561398,1497.4059274764002,1496.548958369647,1.0,1496.548958369647
Andrea Collarini,1487.3524542595712,1497.4059274764002,1494.9409817038286,1497.4059274764002,1496.5842788855432,1.0,1496.5842788855432
Francisco Cabral,1490.9427080801554,1497.4059274764002,1496.3770832320622,1497.4059274764002,1497.062979394954,1.0,1497.062979394954
Petros Tsitsipas,1488.214413003343,1497.4059274764002,1495.2857652013372,1497.4059274764002,1496.699206718046,1.0,1496.699206718046
Robin Haase,1486.140267475602,1497.4059274764002,1494.4561069902409,1497.4059274764002,1496.4226539810136,1.0,1496.4226539810136
Matthew Ebden,1491.987278479491,1497.4059274764002,1496.7949113917964,1497.4059274764002,1497.202255448199,1.0,1497.202255448199
Skander Mansouri,1500.414300586377,1497.4059274764002,1496.5657202345508,1497.4059274764002,1497.1258583957836,1.0,1497.1258583957836
Faris Zakaryia,1487.5999923740492,1497.4059274764002,1495.0399969496198,1497.4059274764002,1496.6172839674734,1.0,1496.6172839674734
Conor Gannon,1475.248491423854,1497.4059274764002,1486.3751063936284,1497.4059274764002,1493.7289871154762,1.0,1493.7289871154762
Alec Beckley,1487.6598161594395,1497.4059274764002,1495.0639264637757,1497.4059274764002,1496.6252604721922,1.0,1496.6252604721922
Hugo Nys,1512.0,1497.4059274764002,1504.8000000000002,1497.4059274764002,1499.8706183176002,1.0,1499.8706183176002
Romain Arneodo,1511.5987350461417,1497.4059274764002,1504.6394940184568,1497.4059274764002,1499.8171163237523,1.0,1499.8171163237523
Younes Lalami Laaroussi,1487.585699413623,1497.4059274764002,1495.0342797654494,1497.4059274764002,1496.6153782394167,1.0,1496.6153782394167
Cesar Cruz,1488.0,1497.4059274764002,1495.2,1497.4059274764002,1496.6706183176002,1.0,1496.6706183176002
Iliyan Radulov,1512.0,1497.4059274764002,1504.8000000000002,1497.4059274764002,1499.8706183176002,1.0,1499.8706183176002
Niki Kaliyanda Poonacha,1512.0,1497.4059274764002,1497.4059274764002,1504.8000000000002,1499.8706183176,1.0,1499.8706183176
Aisam Ul Haq Qureshi,1488.0,1497.4059274764002,1497.4059274764002,1495.2,1496.6706183176002,1.0,1496.6706183176002
Tim Van Rijthoven,1488.0,1497.4059274764002,1497.4059274764002,1495.2,1496.6706183176002,1.0,1496.6706183176002
Matteo Martineau,1488.0,1497.4059274764002,1497.4059274764002,1495.2,1496.6706183176002,1.0,1496.6706183176002
Oscar Otte,1488.0,1497.4059274764002,1497.4059274764002,1495.2,1496.6706183176002,1.0,1496.6706183176002
Charles Broom,1476.4654185346624,1497.4059274764002,1497.4059274764002,1487.1217579770428,1493.9778709766142,1.0,1493.9778709766142
Giles Hussey,1499.2959464033743,1497.4059274764002,1497.4059274764002,1495.8790076721716,1496.896954208324,1.0,1496.896954208324
Henry Searle,1476.4253102659436,1497.4059274764002,1497.4059274764002,1486.9658369100434,1493.9258972876148,1.0,1493.9258972876148
Paul Jubb,1508.9881392499326,1497.4059274764002,1497.4059274764002,1505.7369485603454,1500.1829345043818,1.0,1500.1829345043818
Maxime Janvier,1487.5853285650371,1497.4059274764002,1497.4059274764002,1495.034131426015,1496.6153287929385,1.0,1496.6153287929385
Arthur Fery,1487.5862401072104,1497.4059274764002,1497.4059274764002,1495.0344960428843,1496.6154503318949,1.0,1496.6154503318949
